{"stat.beaconInteraction":1,"stat.leaveGame":6,"stat.jump":473,"stat.swimOneCm":467,"stat.useItem.minecraft.iron_trapdoor":1,"stat.useItem.minecraft.experience_bottle":64,"stat.climbOneCm":4620,"stat.fallOneCm":410,"stat.useItem.minecraft.planks":31,"stat.useItem.minecraft.stone_axe":3,"stat.crouchOneCm":12832,"stat.pickup.minecraft.dirt":14,"stat.useItem.minecraft.stone_slab2":4694,"stat.useItem.minecraft.water_bucket":1,"stat.useItem.minecraft.diamond_hoe":24,"stat.useItem.minecraft.sapling":53,"stat.useItem.narutomod.military_rations_pill_gold":1,"stat.useItem.minecraft.vine":24,"stat.damageTaken":457,"stat.pickup.minecraft.name_tag":1,"stat.pickup.minecraft.cobblestone":1,"stat.pickup.minecraft.planks":3,"stat.useItem.customnpcs.npcwand":1,"stat.flyOneCm":2703998,"stat.damageDealt":128,"stat.timeSinceDeath":286374,"stat.drop.minecraft.log":1,"stat.useItem.minecraft.spawn_egg":1,"stat.useItem.minecraft.command_block":3,"stat.walkOneCm":525808,"stat.playerKills":2,"stat.mineBlock.minecraft.vine":1,"stat.pickup.minecraft.dark_oak_door":1,"stat.pickup.minecraft.log":3,"stat.pickup.minecraft.hay_block":1,"stat.drop.minecraft.sapling":1,"stat.pickup.minecraft.sapling":1,"stat.sprintOneCm":177242,"stat.craftItem.minecraft.planks":8,"stat.pickup.minecraft.stone_stairs":1,"stat.killEntity.Chicken":1,"stat.mobKills":3,"stat.mineBlock.minecraft.log":2,"stat.drop":2,"stat.mineBlock.minecraft.leaves":1,"stat.playOneMinute":286374,"stat.sneakTime":16693,"stat.killEntity.ninja_iwa":1,"stat.diveOneCm":1439}