{"stat.beaconInteraction":2,"stat.leaveGame":15,"stat.useItem.minecraft.diamond_axe":5,"stat.jump":1002,"stat.swimOneCm":467,"stat.useItem.minecraft.iron_trapdoor":1,"stat.useItem.minecraft.experience_bottle":64,"stat.climbOneCm":6138,"stat.fallOneCm":927,"stat.useItem.minecraft.planks":45,"stat.useItem.minecraft.stone_axe":3,"stat.crouchOneCm":65767,"stat.pickup.minecraft.dirt":14,"stat.useItem.minecraft.stone_slab2":6181,"stat.useItem.minecraft.water_bucket":1,"stat.useItem.minecraft.diamond_hoe":24,"stat.useItem.minecraft.sapling":53,"stat.useItem.narutomod.military_rations_pill_gold":1,"stat.useItem.minecraft.vine":24,"stat.pickup.minecraft.anvil":1,"stat.damageTaken":467,"stat.pickup.minecraft.name_tag":1,"stat.pickup.minecraft.cobblestone":1,"stat.pickup.minecraft.planks":3,"stat.useItem.customnpcs.npcwand":8,"stat.flyOneCm":4350875,"stat.pickup.minecraft.wheat_seeds":1,"stat.damageDealt":508,"stat.timeSinceDeath":27744,"stat.killEntity.Cow":1,"stat.drop.minecraft.log":1,"stat.useItem.minecraft.spawn_egg":1,"stat.useItem.minecraft.command_block":3,"stat.walkOneCm":785565,"stat.playerKills":2,"stat.mineBlock.minecraft.vine":1,"stat.pickup.minecraft.dark_oak_door":1,"stat.pickup.minecraft.log":3,"stat.useItem.minecraft.milk_bucket":4,"stat.pickup.minecraft.hay_block":1,"stat.drop.minecraft.sapling":1,"stat.pickup.minecraft.sapling":1,"stat.useItem.minecraft.trapdoor":4,"stat.sprintOneCm":331525,"stat.useItem.minecraft.stone_slab":1,"stat.killEntity.Horse":1,"stat.craftItem.minecraft.planks":8,"stat.pickup.minecraft.stone_stairs":1,"stat.killEntity.Chicken":1,"stat.useItem.minecraft.barrier":942,"stat.pickup.minecraft.concrete_powder":4,"stat.mobKills":5,"stat.mineBlock.minecraft.log":2,"stat.deaths":1,"stat.drop":2,"stat.mineBlock.minecraft.leaves":1,"stat.playOneMinute":541749,"stat.pickup.minecraft.red_flower":1,"stat.sneakTime":29501,"stat.killEntity.ninja_iwa":1,"stat.diveOneCm":1439}