{"stat.beaconInteraction":1,"stat.leaveGame":14,"stat.jump":878,"stat.swimOneCm":467,"stat.useItem.minecraft.iron_trapdoor":1,"stat.useItem.minecraft.experience_bottle":64,"stat.climbOneCm":5991,"stat.fallOneCm":927,"stat.useItem.minecraft.planks":45,"stat.useItem.minecraft.stone_axe":3,"stat.crouchOneCm":60025,"stat.pickup.minecraft.dirt":14,"stat.useItem.minecraft.stone_slab2":5819,"stat.useItem.minecraft.water_bucket":1,"stat.useItem.minecraft.diamond_hoe":24,"stat.useItem.minecraft.sapling":53,"stat.useItem.narutomod.military_rations_pill_gold":1,"stat.useItem.minecraft.vine":24,"stat.pickup.minecraft.anvil":1,"stat.damageTaken":467,"stat.pickup.minecraft.name_tag":1,"stat.pickup.minecraft.cobblestone":1,"stat.pickup.minecraft.planks":3,"stat.useItem.customnpcs.npcwand":8,"stat.flyOneCm":3915927,"stat.pickup.minecraft.wheat_seeds":1,"stat.damageDealt":128,"stat.timeSinceDeath":478679,"stat.drop.minecraft.log":1,"stat.useItem.minecraft.spawn_egg":1,"stat.useItem.minecraft.command_block":3,"stat.walkOneCm":711662,"stat.playerKills":2,"stat.mineBlock.minecraft.vine":1,"stat.pickup.minecraft.dark_oak_door":1,"stat.pickup.minecraft.log":3,"stat.useItem.minecraft.milk_bucket":2,"stat.pickup.minecraft.hay_block":1,"stat.drop.minecraft.sapling":1,"stat.pickup.minecraft.sapling":1,"stat.useItem.minecraft.trapdoor":4,"stat.sprintOneCm":308668,"stat.useItem.minecraft.stone_slab":1,"stat.craftItem.minecraft.planks":8,"stat.pickup.minecraft.stone_stairs":1,"stat.killEntity.Chicken":1,"stat.useItem.minecraft.barrier":282,"stat.pickup.minecraft.concrete_powder":4,"stat.mobKills":3,"stat.mineBlock.minecraft.log":2,"stat.drop":2,"stat.mineBlock.minecraft.leaves":1,"stat.playOneMinute":478679,"stat.pickup.minecraft.red_flower":1,"stat.sneakTime":26092,"stat.killEntity.ninja_iwa":1,"stat.diveOneCm":1439}