{"stat.beaconInteraction":1,"stat.leaveGame":48,"stat.pickup.minecraft.gravel":7,"stat.useItem.minecraft.beacon":1,"stat.pickup.minecraft.stone_pickaxe":1,"stat.useItem.minecraft.diamond_axe":5,"stat.pickup.minecraft.stone_axe":1,"stat.drop.narutomod.curryof_life":1,"stat.jump":1145,"stat.swimOneCm":13741,"stat.climbOneCm":7723,"stat.fallOneCm":11582,"stat.useItem.minecraft.stone_axe":19,"stat.crouchOneCm":1327,"stat.pickup.minecraft.dirt":10,"stat.useItem.minecraft.dirt":5,"stat.useItem.minecraft.stone_slab2":3343,"stat.pickup.minecraft.iron_ore":6,"stat.pickup.minecraft.sand":1,"stat.useItem.minecraft.sapling":13,"stat.pickup.minecraft.leather":4,"stat.damageTaken":3990,"stat.drop.narutomod.mangekyosharinganeternalhelmet":1,"stat.mineBlock.minecraft.red_flower":1,"stat.useItem.minecraft.reeds":2,"stat.pickup.minecraft.cobblestone":14,"stat.drop.minecraft.fence":1,"stat.pickup.minecraft.dye":3,"stat.aviateOneCm":4110,"stat.pickup.minecraft.reeds":15,"stat.useItem.minecraft.stone_shovel":4,"stat.flyOneCm":1332455,"stat.pickup.minecraft.wheat_seeds":5,"stat.mineBlock.minecraft.gravel":4,"stat.useItem.minecraft.stone_pickaxe":23,"stat.useItem.minecraft.stone_sword":2,"stat.pickup.minecraft.stained_glass":1,"stat.damageDealt":1229,"stat.mineBlock.minecraft.iron_ore":6,"stat.timeSinceDeath":165583,"stat.killEntity.Cow":3,"stat.mineBlock.minecraft.dirt":1,"stat.useItem.minecraft.spawn_egg":25,"stat.walkOneCm":322673,"stat.craftItem.minecraft.crafting_table":1,"stat.drop.minecraft.stained_glass":2,"stat.drop.minecraft.dirt":2,"stat.drop.minecraft.hay_block":1,"stat.drop.minecraft.spawn_egg":1,"stat.drop.minecraft.birch_stairs":1,"stat.pickup.minecraft.log":5,"stat.drop.minecraft.stonebrick":1,"stat.pickup.minecraft.beef":7,"stat.entityKilledBy.Skeleton":1,"stat.pickup.minecraft.sapling":1,"stat.sprintOneCm":264137,"stat.pickup.minecraft.wooden_door":2,"stat.drop.minecraft.wooden_slab":1,"stat.drop.minecraft.dark_oak_door":1,"stat.craftItem.minecraft.stick":4,"stat.drop.minecraft.lead":1,"stat.useItem.minecraft.stone_slab":1,"stat.craftItem.minecraft.planks":20,"stat.pickup.minecraft.grass":1,"stat.mobKills":3,"stat.mineBlock.minecraft.log":6,"stat.deaths":4,"stat.drop":20,"stat.mineBlock.minecraft.leaves":2,"stat.pickup.minecraft.egg":2,"stat.playOneMinute":217521,"stat.pickup.minecraft.red_flower":1,"stat.sneakTime":1702,"stat.drop.minecraft.stone_axe":1,"stat.drop.minecraft.torch":1,"stat.mineBlock.minecraft.stone":6,"stat.drop.minecraft.grass":4,"stat.mineBlock.minecraft.tallgrass":40,"stat.diveOneCm":4242}