{"stat.walkOneCm":147434,"stat.leaveGame":2,"stat.damageTaken":121,"stat.useItem.minecraft.wooden_shovel":3,"stat.pickup.minecraft.planks":1,"stat.useItem.customnpcs.npcwand":2,"stat.flyOneCm":669194,"stat.mineBlock.minecraft.planks":1,"stat.drop":1,"stat.pickup.minecraft.wheat_seeds":1,"stat.jump":349,"stat.swimOneCm":135,"stat.playOneMinute":127990,"stat.fallOneCm":5502,"stat.climbOneCm":1346,"stat.pickup.minecraft.red_flower":3,"stat.drop.minecraft.cobblestone":1,"stat.sneakTime":1704,"stat.useItem.minecraft.stone_axe":1,"stat.damageDealt":125,"stat.crouchOneCm":1866,"stat.useItem.narutomod.kagutsuchiswordranged":1,"stat.timeSinceDeath":127990,"stat.sprintOneCm":64570,"stat.useItem.minecraft.diamond_shovel":21,"stat.useItem.minecraft.stone_slab2":2001,"stat.useItem.minecraft.wooden_slab":1,"stat.useItem.minecraft.water_bucket":46}