{"stat.walkOneCm":111988,"stat.leaveGame":2,"stat.damageTaken":121,"stat.useItem.minecraft.wooden_shovel":3,"stat.pickup.minecraft.planks":1,"stat.flyOneCm":515224,"stat.mineBlock.minecraft.planks":1,"stat.drop":1,"stat.jump":306,"stat.playOneMinute":85990,"stat.fallOneCm":5502,"stat.drop.minecraft.cobblestone":1,"stat.sneakTime":1334,"stat.useItem.minecraft.stone_axe":1,"stat.damageDealt":125,"stat.crouchOneCm":1415,"stat.useItem.narutomod.kagutsuchiswordranged":1,"stat.timeSinceDeath":85990,"stat.sprintOneCm":55624,"stat.useItem.minecraft.diamond_shovel":21,"stat.useItem.minecraft.stone_slab2":1156}