{"stat.walkOneCm":279590,"stat.leaveGame":3,"stat.pickup.minecraft.arrow":4,"stat.useItem.minecraft.diamond_sword":50,"stat.pickup.minecraft.diamond_sword":1,"stat.jump":650,"stat.swimOneCm":135,"stat.fallOneCm":8532,"stat.climbOneCm":3956,"stat.drop.minecraft.cobblestone":1,"stat.useItem.minecraft.milk_bucket":1,"stat.pickup.narutomod.ryo_100":5,"stat.useItem.minecraft.stone_axe":1,"stat.crouchOneCm":4655,"stat.pickup.narutomod.steam_armorlegs":1,"stat.sprintOneCm":175026,"stat.useItem.minecraft.diamond_shovel":21,"stat.useItem.minecraft.stone_slab2":2217,"stat.pickup.customnpcs.npcwand":1,"stat.pickup.minecraft.bow":1,"stat.pickup.minecraft.ladder":12,"stat.useItem.minecraft.water_bucket":46,"stat.pickup.minecraft.barrier":64,"stat.pickup.narutomod.ryo_1000":89,"stat.pickup.minecraft.diamond_helmet":1,"stat.damageTaken":326,"stat.useItem.minecraft.wooden_shovel":3,"stat.pickup.minecraft.diamond_chestplate":1,"stat.pickup.minecraft.diamond_boots":1,"stat.pickup.minecraft.planks":1,"stat.pickup.minecraft.diamond_leggings":1,"stat.useItem.customnpcs.npcwand":5,"stat.useItem.minecraft.golden_apple":1,"stat.flyOneCm":1148851,"stat.mineBlock.minecraft.planks":1,"stat.drop":1,"stat.pickup.minecraft.wheat_seeds":2,"stat.playOneMinute":236422,"stat.pickup.minecraft.torch":4,"stat.pickup.minecraft.red_flower":5,"stat.sneakTime":3654,"stat.damageDealt":1109,"stat.useItem.narutomod.kagutsuchiswordranged":1,"stat.timeSinceDeath":236422,"stat.pickup.minecraft.yellow_flower":1,"stat.useItem.minecraft.wooden_slab":1}