{"stat.walkOneCm":171765,"stat.pickup.narutomod.ryo_1000":89,"stat.leaveGame":2,"stat.damageTaken":121,"stat.useItem.minecraft.wooden_shovel":3,"stat.pickup.minecraft.planks":1,"stat.useItem.customnpcs.npcwand":4,"stat.flyOneCm":712549,"stat.mineBlock.minecraft.planks":1,"stat.drop":1,"stat.pickup.minecraft.wheat_seeds":1,"stat.jump":421,"stat.swimOneCm":135,"stat.playOneMinute":163990,"stat.fallOneCm":5502,"stat.climbOneCm":2745,"stat.pickup.minecraft.red_flower":3,"stat.drop.minecraft.cobblestone":1,"stat.sneakTime":1853,"stat.useItem.minecraft.stone_axe":1,"stat.damageDealt":125,"stat.crouchOneCm":1965,"stat.useItem.narutomod.kagutsuchiswordranged":1,"stat.timeSinceDeath":163990,"stat.pickup.narutomod.steam_armorlegs":1,"stat.sprintOneCm":86727,"stat.useItem.minecraft.diamond_shovel":21,"stat.useItem.minecraft.stone_slab2":2097,"stat.useItem.minecraft.wooden_slab":1,"stat.useItem.minecraft.water_bucket":46}