{"stat.walkOneCm":85264,"stat.leaveGame":1,"stat.damageTaken":121,"stat.useItem.minecraft.wooden_shovel":3,"stat.pickup.minecraft.planks":1,"stat.flyOneCm":379198,"stat.mineBlock.minecraft.planks":1,"stat.drop":1,"stat.jump":284,"stat.playOneMinute":53278,"stat.fallOneCm":5502,"stat.drop.minecraft.cobblestone":1,"stat.sneakTime":971,"stat.useItem.minecraft.stone_axe":1,"stat.damageDealt":125,"stat.crouchOneCm":1065,"stat.useItem.narutomod.kagutsuchiswordranged":1,"stat.timeSinceDeath":53278,"stat.sprintOneCm":53313,"stat.useItem.minecraft.stone_slab2":365}