{"stat.walkOneCm":94985,"stat.leaveGame":1,"stat.damageTaken":121,"stat.useItem.minecraft.wooden_shovel":3,"stat.pickup.minecraft.planks":1,"stat.flyOneCm":390940,"stat.mineBlock.minecraft.planks":1,"stat.drop":1,"stat.jump":293,"stat.playOneMinute":62635,"stat.fallOneCm":5502,"stat.drop.minecraft.cobblestone":1,"stat.sneakTime":1018,"stat.useItem.minecraft.stone_axe":1,"stat.damageDealt":125,"stat.crouchOneCm":1163,"stat.useItem.narutomod.kagutsuchiswordranged":1,"stat.timeSinceDeath":62635,"stat.sprintOneCm":53976,"stat.useItem.minecraft.diamond_shovel":21,"stat.useItem.minecraft.stone_slab2":591}