{"stat.walkOneCm":234893,"stat.leaveGame":3,"stat.useItem.minecraft.diamond_sword":50,"stat.jump":537,"stat.swimOneCm":135,"stat.fallOneCm":5502,"stat.climbOneCm":2745,"stat.drop.minecraft.cobblestone":1,"stat.useItem.minecraft.stone_axe":1,"stat.crouchOneCm":2608,"stat.pickup.narutomod.steam_armorlegs":1,"stat.sprintOneCm":132488,"stat.useItem.minecraft.diamond_shovel":21,"stat.useItem.minecraft.stone_slab2":2114,"stat.pickup.customnpcs.npcwand":1,"stat.useItem.minecraft.water_bucket":46,"stat.pickup.narutomod.ryo_1000":89,"stat.damageTaken":121,"stat.useItem.minecraft.wooden_shovel":3,"stat.pickup.minecraft.planks":1,"stat.useItem.customnpcs.npcwand":5,"stat.flyOneCm":836440,"stat.mineBlock.minecraft.planks":1,"stat.drop":1,"stat.pickup.minecraft.wheat_seeds":1,"stat.playOneMinute":194422,"stat.pickup.minecraft.red_flower":3,"stat.sneakTime":2251,"stat.damageDealt":1107,"stat.useItem.narutomod.kagutsuchiswordranged":1,"stat.timeSinceDeath":194422,"stat.useItem.minecraft.wooden_slab":1}