{"stat.walkOneCm":268453,"stat.leaveGame":3,"stat.pickup.minecraft.arrow":4,"stat.useItem.minecraft.diamond_sword":50,"stat.pickup.minecraft.diamond_sword":1,"stat.jump":618,"stat.swimOneCm":135,"stat.fallOneCm":8532,"stat.climbOneCm":2820,"stat.drop.minecraft.cobblestone":1,"stat.useItem.minecraft.milk_bucket":1,"stat.pickup.narutomod.ryo_100":5,"stat.useItem.minecraft.stone_axe":1,"stat.crouchOneCm":4310,"stat.pickup.narutomod.steam_armorlegs":1,"stat.sprintOneCm":169576,"stat.useItem.minecraft.diamond_shovel":21,"stat.useItem.minecraft.stone_slab2":2173,"stat.pickup.customnpcs.npcwand":1,"stat.pickup.minecraft.bow":1,"stat.useItem.minecraft.water_bucket":46,"stat.pickup.narutomod.ryo_1000":89,"stat.pickup.minecraft.diamond_helmet":1,"stat.damageTaken":326,"stat.useItem.minecraft.wooden_shovel":3,"stat.pickup.minecraft.diamond_chestplate":1,"stat.pickup.minecraft.diamond_boots":1,"stat.pickup.minecraft.planks":1,"stat.pickup.minecraft.diamond_leggings":1,"stat.useItem.customnpcs.npcwand":5,"stat.useItem.minecraft.golden_apple":1,"stat.flyOneCm":1114186,"stat.mineBlock.minecraft.planks":1,"stat.drop":1,"stat.pickup.minecraft.wheat_seeds":1,"stat.playOneMinute":224422,"stat.pickup.minecraft.red_flower":3,"stat.sneakTime":3340,"stat.damageDealt":1109,"stat.useItem.narutomod.kagutsuchiswordranged":1,"stat.timeSinceDeath":224422,"stat.useItem.minecraft.wooden_slab":1}