{"stat.walkOneCm":137109,"stat.leaveGame":2,"stat.damageTaken":121,"stat.useItem.minecraft.wooden_shovel":3,"stat.pickup.minecraft.planks":1,"stat.useItem.customnpcs.npcwand":1,"stat.flyOneCm":601422,"stat.mineBlock.minecraft.planks":1,"stat.drop":1,"stat.pickup.minecraft.wheat_seeds":1,"stat.jump":324,"stat.swimOneCm":135,"stat.playOneMinute":115990,"stat.fallOneCm":5502,"stat.pickup.minecraft.red_flower":3,"stat.drop.minecraft.cobblestone":1,"stat.sneakTime":1556,"stat.useItem.minecraft.stone_axe":1,"stat.damageDealt":125,"stat.crouchOneCm":1677,"stat.useItem.narutomod.kagutsuchiswordranged":1,"stat.timeSinceDeath":115990,"stat.sprintOneCm":58682,"stat.useItem.minecraft.diamond_shovel":21,"stat.useItem.minecraft.stone_slab2":1734,"stat.useItem.minecraft.water_bucket":46}