{"stat.walkOneCm":156509,"stat.pickup.narutomod.ryo_1000":64,"stat.leaveGame":2,"stat.damageTaken":121,"stat.useItem.minecraft.wooden_shovel":3,"stat.pickup.minecraft.planks":1,"stat.useItem.customnpcs.npcwand":3,"stat.flyOneCm":675336,"stat.mineBlock.minecraft.planks":1,"stat.drop":1,"stat.pickup.minecraft.wheat_seeds":1,"stat.jump":373,"stat.swimOneCm":135,"stat.playOneMinute":151990,"stat.fallOneCm":5502,"stat.climbOneCm":2044,"stat.pickup.minecraft.red_flower":3,"stat.drop.minecraft.cobblestone":1,"stat.sneakTime":1788,"stat.useItem.minecraft.stone_axe":1,"stat.damageDealt":125,"stat.crouchOneCm":1886,"stat.useItem.narutomod.kagutsuchiswordranged":1,"stat.timeSinceDeath":151990,"stat.pickup.narutomod.steam_armorlegs":1,"stat.sprintOneCm":68257,"stat.useItem.minecraft.diamond_shovel":21,"stat.useItem.minecraft.stone_slab2":2009,"stat.useItem.minecraft.wooden_slab":1,"stat.useItem.minecraft.water_bucket":46}